"Description","Price","Rating","Reviews"
"120 LED Selfie Light, Phone Light, 3000Mah Rechargeable Clip Video Light, Adjusted 3 Light Modes, for Phone, Camera, Laptop, iPad, Light for Phone for Selfie, Video Conference, TikTok, Vlog","22.","4.8 out of 5 stars","22"
"SparkFun Triband GNSS RTK Breakout - Mosaic-X5 high-Precision GNSS Receiver, with SD Capabilities and USB-2.0, MultiBand GPS Antenna, Board Dimensions: (Inches) 2.50 x 2.00","699.",NA,"Only 5 left in stock - order soon."
"3 Pack USB Wall Charger,Fast USB C Charger Block 4 Port PD Power Adapter,QC Wall Plug Multiport Type C Charging Cube for iPhone 16 15 Plus 14 Pro Max 14 Pro 13 12 11, AirPods4，watch10 ultra2","18.","4.6 out of 5 stars","450"
"Datacolor Spyder Print - Advanced Data Analysis and Calibration Tool for Optimal Print Results, Perfect for Photographers, Graphic Designers, and Printing Professionals","344.","2.9 out of 5 stars","35"
"2.7V 10F Super Ultracapacitor Backup Power Supply with for Board for CarElectrolytic Capacitor,Single Row 16V 1.6F Farad Capacitor Module","11.",NA,"Only 15 left in stock - order soon."
"weBoost Home MultiRoom - Cell Phone Signal Booster | Boosts 4G LTE & 5G up to 5,000 sq ft for all U.S. Carriers - Verizon, AT&T, T-Mobile & more | Made in the U.S. | FCC Approved (model 470144)","455.","4.1 out of 5 stars","2,731"
"350W Power Inverter for Ryobi 40V Li-ion Batteries,2-Port Supply Inverter Generators Converter DC 40V to AC110V ~120V with LED Light,3 USB-A,1 Type-C,1DC Port, for Outdoor Travel Camping","89.","4.0 out of 5 stars","1"
"SUNDA 230W USB C Fast Car Charger, 3-Ports Mutiple Car Charger Adapter, Fast Charging PD140W/PPS63W/QC45W Compatible with iPhone16/15/14/MacBook/iPad/Laptop/SamsungS24, Cigarette Lighter USB Charger","34.","4.7 out of 5 stars","17"
"Waterproof Shower Phone Holder - Enhanced Touch Sensitivity & Stability, Perfect for Streaming, Movies, and TikTok - Ideal for Bathroom and Kitchen Use (Grey)","14.","5.0 out of 5 stars","1"
"USB C Charger Block, 6 Ports Fast Wall Charger, 130W GaN III Charging Station with PD 45W, Dual PD 20W, 3 USB-A, 3 USB-C, QC, PPS, 6ft Cord, Compatible with iPhone, Galaxy, Pixel, MacBook air","29.","4.4 out of 5 stars","374"
"JINGCHENGMEI 19 Inch 6U Heavy Duty Vertical Wall Mountable Rack and 125 lb Wall Mountable Server Rack (MFT-HVWRF6U)","51.","4.7 out of 5 stars","5"
"USB C Docking Station Dual DP Monitor, Displayport Docking Station with Dual DP, HDMI, VGA, USB2.0 Ports for Lenovo HP Dell, Windows System Computer","22.","4.3 out of 5 stars","175"
"USB C Docking Station Dual Monitor HDMI for Dell HP, Laptop Docking Station 3 Monitors Triple Display USB C Hub Dock to 2 HDMI 4K,DP,Ethernet,6 USB,PD,SD/TF, Audio, USB C Adapter 14 in 1 for Lenovo","43.","4.4 out of 5 stars","400"
"Amazon Basics Micro SDXC Memory Card with Full Size Adapter, A2, U3, Read Speed up to 100 MB/s, 128 GB, Black","10.","4.7 out of 5 stars","95,766"
"SanDisk 512GB Extreme microSDXC UHS-I Memory Card with Adapter - Up to 190MB/s, C10, U3, V30, 4K, 5K, A2, Micro SD Card - SDSQXAV-512G-GN6MA","35.","4.8 out of 5 stars","105,743"
"SanDisk 128GB Extreme PRO SDXC UHS-I Memory Card - C10, U3, V30, 4K UHD, SD Card - SDSDXXD-128G-GN4IN","18.","4.8 out of 5 stars","56,285"
"Logitech C920x HD Pro Webcam, Full HD 1080p/30fps Video Calling, Clear Stereo Audio, HD Light Correction, Works with Skype, Zoom, FaceTime, Hangouts, PC/Mac/Laptop/Macbook/Tablet - Black","69.","4.6 out of 5 stars","19,898"
"SanDisk 128GB Ultra microSDXC UHS-I Memory Card with Adapter - Up to 140MB/s, C10, U1, Full HD, A1, MicroSD Card - SDSQUAB-128G-GN6MA [New Version]",NA,"4.7 out of 5 stars","176,872"
"Elebase USB to USB C Adapter 4 Pack,Type-C Female to A Male Car Charger Converter for New iPhone 16 Pro Max Plus 15 14 13,Apple Watch 10,iWatch 8,Airpods,iPad 9 Air 5 Mini 6 7,Samsung Galaxy S24 Ultra","7.","4.6 out of 5 stars","49,572"
"Original HP 910 Cyan, Magenta, Yellow / 910XL Black Ink Cartridges (4-pack) | Works with HP OfficeJet 8010, 8020 Series; HP OfficeJet Pro 8020, 8030 Series | Eligible for Instant Ink | 3JB41AN","87.","4.7 out of 5 stars","5,467"
"HP 910 Cyan, Magenta, Yellow Ink Cartridges | Works with HP OfficeJet 8010, 8020 Series, HP OfficeJet Pro 8020, 8030 Series | Eligible for Instant Ink | 3YN97AN, 3 Count (Pack of 1)",NA,"4.6 out of 5 stars","17,026"
"Xbox Core Wireless Gaming Controller – Deep Pink – Xbox Series X|S, Xbox One, Windows PC, Android, and iOS",NA,"4.6 out of 5 stars","78,340"
"BENFEI USB C HUB 6-in-1 with HDMI(4K@60Hz), Gigabit Ethernet, 100W Power Delivery, 3*USB 3.0, Silicone Cable, Aluminum Case Compatible with iPhone 15 Pro/Max, MacBook, iPad Pro, iMac, S23, XPS17","15.","4.7 out of 5 stars","105"
"USB C Hub, 10 in 1 USB C Hub Multiport Adapter Dongle with 4K HDMI, USB-C and 2 USB A 3.0 5Gbps, 2 USB A 2.0, PD 100W, RJ45 Ethernet, SD/TF, Aluminum USB C to USB 3.0 Hub for MacBook Air/Pro, Windows","29.","4.5 out of 5 stars","3,486"
"2 Pcs of 1U Universal Rack Shelf, 12"" Deep Vented Cantilever Rack Tray for 19"" Networking Cabinet or Rack, Black 2 Pcs (12 inches 2 Pcs)","41.","4.3 out of 5 stars","17"
"Logitech Brio 101 Full HD 1080p Webcam Made for Meetings and Works for Streaming — Auto-Light Balance, Built-in Mic, Privacy Shutter, USB-A, for Microsoft Teams, Google Meet, Zoom, and More - Black","36.","4.4 out of 5 stars","21,951"
"HP 63 Black Ink Cartridge | Works with HP DeskJet 1112, 2130, 3630 Series; HP ENVY 4510, 4520 Series; HP OfficeJet 3830, 4650, 5200 Series | Eligible for Instant Ink | F6U62AN","30.","4.7 out of 5 stars","91,761"
"Original HP 962 Cyan, Magenta, Yellow / 962XL Black Ink Cartridges (4-Pack) | Works with HP OfficeJet 9010 Series, HP OfficeJet Pro 9010, 9020 Series","122.","4.7 out of 5 stars","5,396"
"Syntech USB C to USB Adapter Pack of 2 USB C Male to USB 3.0 Female Adapter Compatible with MacBook Pro Air 2024, Microsoft Surface, iPad,Samsung Notebook, Dell XPS and More Type C Devices,Space Grey","7.","4.7 out of 5 stars","173,061"
"HP 952 Cyan, Magenta, Yellow Ink Cartridges (3-pack) | Works with HP OfficeJet 8702, HP OfficeJet Pro 7720, 7740, 8210, 8710, 8720, 8730, 8740 Series | Eligible for Instant Ink | N9K27AN","81.","4.7 out of 5 stars","17,942"
"HP 63 Black/Tri-color Ink Cartridge (2-pack) | Works with HP DeskJet 1112, 2130, 3630 Series; HP ENVY 4510, 4520 Series; HP OfficeJet 3830, 4650, 5200 Series | Eligible for Instant Ink | L0R46AN","56.","4.7 out of 5 stars","43,417"
"HP 962 Cyan, Magenta, Yellow Ink Cartridges (3-pack) | Works with OfficeJet 9010 Series,OfficeJet Pro 9010, 9020 Series | Eligible for Instant Ink | 3YP00AN","72.","4.7 out of 5 stars","12,186"
"Logitech G305 LIGHTSPEED Wireless Gaming Mouse, Hero 12K Sensor, 12,000 DPI, Lightweight, 6 Programmable Buttons, 250h Battery Life, On-Board Memory, PC/Mac - Black",NA,"4.6 out of 5 stars","31,494"
"SD Card Reader for iPhone, Memory Card Reader with USB Camera Adapter Plug and Play Trail Game Camera SD Card Viewer Supports SD and TF Card Micro SD Card Adapter for iPad No App Required","8.","4.4 out of 5 stars","4,692"
"Highwings 8K 10K 4K HDMI Cable 48Gbps 6.6FT/2M, Certified Ultra High Speed HDMI Cable Braided Cord-4K@120Hz 8K@60Hz, DTS:X, HDCP 2.2 & 2.3, HDR 10 Compatible with Roku TV/PS5/HDTV/Blu-ray","7.","4.7 out of 5 stars","31,783"
"Logitech M185 Wireless Mouse, 2.4GHz with USB Mini Receiver, 12-Month Battery Life, 1000 DPI Optical Tracking, Ambidextrous PC/Mac/Laptop - Swift Grey","13.","4.5 out of 5 stars","34,325"
"HP Original 952 Cyan, Magenta, Yellow / 952XL Black Ink Cartridges (4-Pack) | Works OfficeJet 8702 OfficeJet Pro 7700, 8210, 8700 Series | Eligible for Instant Ink | N9K28AN","134.","4.6 out of 5 stars","1,625"
"Logitech G502 HERO High Performance Wired Gaming Mouse, HERO 25K Sensor, 25,600 DPI, RGB, Adjustable Weights, 11 Programmable Buttons, On-Board Memory, PC / Mac",NA,"4.6 out of 5 stars","53,286"
"SanDisk 256GB microSDXC Card, Licensed for Nintendo Switch - SDSQXAO-256G-GNCZN","22.","4.8 out of 5 stars","319,832"
"HP 63XL Black High-yield Ink Cartridge | Works with HP DeskJet 1112, 2130, 3630 Series; HP ENVY 4510, 4520 Series; HP OfficeJet 3830, 4650, 5200 Series | Eligible for Instant Ink | F6U64AN",NA,"4.7 out of 5 stars","51,895"
"High-Speed USB C Hub - Fast Data Transfer & Plug and Play, Sleek Compact Design for Effortless Connectivity, Ideal USB C Multi-Port Adapter for MacBook Pro, Air & More Devices","7.","4.0 out of 5 stars","89"
"IOGEAR 12 Button MMO Gaming Mouse -GME680","29.","3.3 out of 5 stars","5"
"2U Vented Server Rack Shelf, 16 inches Deep, Deep Adjustable Cantilever Tray for 19"" Network Equipment Rack","39.",NA,NA
"Grande Cosmetics MASCARA Conditioning","12.","4.2 out of 5 stars","0.2 Ounce (Pack of 1)"
"Ambient Lighting Finishing Powder - Dim Light (0.35 oz)","45.","4.6 out of 5 stars","0.35 Ounce (Pack of 1)"
"HARUHARU Wonder Black Rice Moisture Cleansing Oil 5.1 fl.oz / 150ml | Korean Facial Cleanser, Makeup Remover | Vegan, Cruelty Free | Jojoba Seed Oil, Macadamia Seed Oil","11.","4.5 out of 5 stars","5.1 Fl Oz (Pack of 1)"
"Revlon Super Lustrous Lipstick Set, 3-Piece Lip Color Gift Set for Women, Makeup Stocking Stuffers, Multi-Finish in Cream, Pearl & Matte, Pack of 3","13.","4.5 out of 5 stars","Stick"
"stila Waterproof Liquid Eye Liner, Stay All Day Makeup with Fine Brush Tip Lasting Satin Finish, Smudge-Proof & Transfer-Resistant","18.","4.4 out of 5 stars","Pencil"
"Grande Cosmetics Lash Vibes","64.","4.0 out of 5 stars","1"
"Glint Dewy Highlighter (Diamond Veil, 0.08oz) - Luminous Glow, Infused with Micropearls, Shiny Illuminator. Rich Pigment & Silky Touch, Korean Makeup.","23.","3.9 out of 5 stars","25"
"Hourglass Vanish Blush Stick Skin-Perfecting - 2 oz Vegan and Cruelty-Free","46.","4.2 out of 5 stars","0.2 Ounce (Pack of 1)"
"THE SAEM Cover Perfection Tip Concealer 1.25 Light Beige","12.","4.3 out of 5 stars","1,236"
"J MARK 48pc Deluxe Painting Kits for Adults - Includes Adjustable Wood Easel, Thick Canvases, Acrylic Paints, Brushes Set,Wooden and Plastic Palettes, 2 Painting Knives, 3 Sponges, Color Mixing Wheel","31.","4.6 out of 5 stars","768"
"40 PCS Acrylic Paint Set with 12 Brushes, 2 Knives and Palette, 24 Colors (2oz/60ml) Art Craft Paints Gifts for Adults Kids Artists Beginners, Halloween Pumpkin Painting Kit Art Supplies","22.","4.4 out of 5 stars","550"
"200 Piece Deluxe Art Set, Art Supplies with 3 Drawing Pads, Acrylic Paints, Crayons, Colored Pencils Set in Wooden Case, Professional Art Kit, for Adults, Teens and Artist, Paint Supplies","30.","5.0 out of 5 stars","2"
"POSCA 8-Color Paint Marker Set, PC-5M Medium","12.","4.8 out of 5 stars","14,876"
"Sharpie Creative Paint-like Brush Tip Acrylic Markers, Assorted Colors, Stocking Stuffers, 12 Count, Perfect for Art and Craft Supplies","14.","4.8 out of 5 stars","2,816"
"9 x 12 inches Sketch Book, Top Spiral Bound Sketch Pad, 1 Pack 100-Sheets (68lb/100gsm), Acid Free Art Sketchbook Artistic Drawing Painting Writing Paper for Kids Adults Beginners Artists","8.","4.8 out of 5 stars","12,078"
"Soucolor 72-Color Colored Pencils for Adult Coloring Books, Back to School Supplies, Soft Core Artist Sketching Drawing Pencils Drawing Supplies, Art Supplies Kit for Adults Kids, Coloring Pencils Set","8.","4.7 out of 5 stars","19,615"
"Betem 24 Colors Dual Tip Acrylic Paint Pens Markers, Premium Acrylic Paint Pens for Wood, Canvas, Stone, Rock Painting, Glass, Ceramic Surfaces, DIY Crafts Making Art Supplies","8.","4.6 out of 5 stars","9,996"
"Crayola Clicks Retractable Tip Markers (10ct), Washable Art Marker Set, Coloring Markers for Kids, Stocking Stuffer for Kids, 3+","11.","4.7 out of 5 stars","2,563"
"Soucolor 9"" x 12"" Sketch Book, 1-Pack 100 Sheets Spiral Bound Art Sketchbook, (68lb/100gsm) Acid Free Artist Drawing Book Paper Painting Sketching Pad for Kids Students Adults Beginners","8.","4.8 out of 5 stars","3,947"
"Melissa & Doug Drawing Paper Pad (9 x 12 inches) - 50 Sheets, 3-Pack - FSC Certified","10.","4.8 out of 5 stars","18,570"
"KALOUR 72 Count Colored Pencils for Adult Coloring Books, Soft Core,Ideal for Drawing Blending Shading,Color Pencils Set Gift for Adults Kids Beginners","9.","4.7 out of 5 stars","4,366"
"Shuttle Art 116 PCS Drawing Kit, Professional Drawing Supplies with Sketch, Charcoal, Colored, Graphite, Pastel Pencils & Sticks, Complete Drawing Tools and Paper Pads in Zipper Case for Artists&Kids","25.","4.8 out of 5 stars","5,046"
"Caliart Art Supplies, 153-Pack Deluxe Wooden Art Set Crafts Drawing Painting Coloring Supplies Kit with 2 A4 Sketch Pads, Halloween Creative Gift Box for Adults Artist Beginners Kids Girls Boys","29.","4.6 out of 5 stars","1,023"
"Arrtx 60 Colors Paint Markers Paint Pens, Acrylic Paint Pens for Artists Adults Coloring Drawing Cartoon Anime Comic - Brush Tip for Rock Painting, Wood, Canvas, DIY Crafts Making Art Supplies-60B","39.","4.6 out of 5 stars","1,070"
"Grabie 100 Colors Watercolor Paint Set - 50 Regular, 35 Metallic, 10 Macaron and 5 Fluorescent Colors - Portable with Carrying Case, Water Brush Pens, and Accessories - For Beginners and Professionals","19.","4.8 out of 5 stars","1,888"
"Shimmer Markers Outline Glitter Gel Pens: 12 Christmas Stocking Stuffers Teenage Tween Teen Girl Gifts Trendy Stuff Cute Arts Crafts Art Supplies Kids Ages 4 5 6 8 9 10 14 16 18 Year Old Outliner 2024","8.","4.5 out of 5 stars","1,005"
"Soucolor Art Brush Markers Pens for Adult Coloring Books, 34 Colors Numbered Dual Tip (Brush and Fine Point) Marker Pen for Kids Note taking Planner Lettering Calligraphy Drawing Preppy School Stuff","7.","4.6 out of 5 stars","12,682"
"Colored Pencils for Adult Coloring Books, 72 Colored Professional Drawing Pencils, Coloring Pencils for Adults Beginners Teen & Pro.","8.","4.6 out of 5 stars","2,269"
"SAKURA Pigma Micron Fineliner Pens - Archival Black Ink Pens - Pens for Writing or Drawing - Holiday Gifts for Artists, Crafters & DIY Gifts Projects - Assorted Point Sizes - 6 Count","9.","4.8 out of 5 stars","60,402"
"Crehatos 9"" x 12"" Sketch Book, Top Spiral Bound Sketch Pad, 100 Sheets 68lb/100gsm Drawing Paper, 1 Pack","6.","4.8 out of 5 stars","81"
"iBayam Art Supplies, 150-Pack Deluxe Wooden Art Set Crafts Drawing Painting Kit with 1 Coloring Book, 2 Sketch Pads, Creative Gift Box for Adults Artist Beginners Kids Girls Boys","27.","4.6 out of 5 stars","6,907"
"iBayam Journal Planner Pens Colored Pens Fine Point Markers Fine Tip Drawing Pens Fineliner Pen for Bullet Journaling Writing Note Taking Calendar Coloring Art Office School Supplies, 18-Pack","6.","4.6 out of 5 stars","117,182"
"nsxsu Stocking Stuffers for Kids, 8 Pieces Art Supplies Colored Pencils, Jumbo Colored Pencil for Adults, Rainbow Pencils Multicolored Pencils for Drawing, Coloring, Christmas Gifts, Party Favor Bags","7.","4.6 out of 5 stars","5,726"
"Compact Desktop Electric Pencil Sharpener, Black, Sold as 1 Each","13.","4.6 out of 5 stars","21,286"
"Soucolor Art Supplies, 192-Pack Deluxe Art Set Drawing Painting Supplies Art Kit with Acrylic Pad, Watercolor Pad, Sketch Book, Canvases, Acrylic Paint, Crayons, Pencils, Gifts for Artists Adults Kids","33.","4.6 out of 5 stars","720"
"Dual Markers Brush Pens, 36 Fine Point Art Marker, Double Tip Colored Pen for Adult Coloring Hand Lettering, School Classroom Art Suppliers","9.","4.6 out of 5 stars","24,511"
"Micro Fineliner Drawing Art Pens: 12 Black Fine Line Waterproof Ink Set Artist Supplies Archival Inking Markers Liner Professional Sketch Outline Anime Manga Sketching Watercolor Zentangle Gift Stuff","8.","4.5 out of 5 stars","3,458"
"KEFF 24-Pack Bulk Canvas for Painting, 6 of 5x7, 8x10, 9x12, 11x14 Canvas Boards for Painting, Art Supplies for Adults & Kids - 100% Cotton Primed Painting Canvas for Acrylic, Oil, Watercolor, Tempera","23.","4.8 out of 5 stars","4,720"
"TBC The Best Crafts Paint Sticks,12 Classic Colors, Washable Paint, Non-toxic, Tempera Paint Sticks for Kids and Students","7.","4.8 out of 5 stars","5,606"
"Art Supplies, Deluxe Wooden Art Set Crafts Drawing Painting Kit with 12 Watercolor Paints, 12 Brushes, 2 Sketch Pads, 2 Canvas Boards, Palette, Creative Gift for Adults Teens Kids Beginners Girls Boys","33.","4.7 out of 5 stars","1,206"
"Painting Supplies Set, 49 Pieces Watercolor Painting Kit with Wooden Tabletop Easel, Includes Watercolor Paints, Brushes, Palette, Canvas Panels and Painting Pads, for Artists, Student, Adults, Kids","49.","4.5 out of 5 stars","264"
"Castle Art Supplies 100 Piece Drawing & Sketching Set | Graphite, Charcoal, Pastel, Metallic & Water Soluble Pencils + Sticks, Fineliners | For Professionals, Adult Artists | In Tough Travel Case","79.","4.7 out of 5 stars","639"
"SHEWIN Womens Sweaters 2024 Casual Crewneck Long Sleeve Lightweight Knit Pullover Sweater Tops Fall Clothes","29.","4.4 out of 5 stars","130"
"Women's Fall Long Sleeve Textured Tunics Tops Dressy Casual V Neck Work Shirts Business Casual Blouses","11.","4.3 out of 5 stars","64"
"Yincro Women's Casual Long Sleeve Tunic Tops Fall Tshirt Blouses","17.","4.4 out of 5 stars","29,291"
"MOREFEEL 3 Pack High Waisted Biker Shorts for Women with Pockets – 5"" Super Soft Workout Yoga Women's Novelty Shorts","19.","4.2 out of 5 stars","1,174"
"Nippies Nipple Cover - Sticky Adhesive Silicone Nipple Pasties - Reusable Pasty Nipple Covers for Women with Travel Box","19.","4.5 out of 5 stars","40,321"
"BALEAF Women's Fleece Lined Leggings Thermal Warm Winter Tights High Waisted Yoga Pants Cold Weather with Pockets","24.","4.4 out of 5 stars","33,316"
"Mitid Fleece Lined Tights Women Leggings Thermal Pantyhose Fake Translucent Opaque High Waisted Winter Warm Sheer Tight","12.","4.0 out of 5 stars","3,292"
"BomKinta Boot Socks for Women Winter Solid Thick Warm Socks Cozy Crew Socks Christmas Gift","13.","4.6 out of 5 stars","6,975"
"ACCFOD Womens Cute Crew Socks Casual Athletic Aesthetic Socks Neutral Cotton Socks for Women Granola Girls Clothes","13.","4.5 out of 5 stars","2,835"
"Jeasona Women's Cat Socks Cat Gifts Cute Animal Socks Dog Owl Gifts for Women","13.","4.7 out of 5 stars","33,991"
"CHRLEISURE Women's Fleece Lined Tights - Fake Sheer Warm Pantyhose Thick Leggings","19.","4.1 out of 5 stars","1,167"
"Hanes Women's Ultimate Comfort Toe Seamed Ankle Socks Pack Of 6","10.","4.7 out of 5 stars","11,085"
"SHAPERMINT High Waisted Body Shaper Shorts Shapewear for Women Tummy Control Thigh Slimming Technology","20.","4.0 out of 5 stars","70,354"
"Unboxme Gifts Warm & Cozy Ultra-Luxe Cloud Sock for Women & Men - Super Soft Luxurious Fabric Sleep Socks","9.","4.7 out of 5 stars","1,067"
"NIKE Plus Cushion Socks (6-Pair)",NA,"4.7 out of 5 stars","1,421"
"BALEAF Women's Fleece Lined Leggings Water Resistant Thermal Winter Warm Tights High Waisted with Pockets Running Gear","24.","4.5 out of 5 stars","11,379"
"Selousuá Women's Straight Leg Pants - Comfortably Stretchy Work, Dressy or Casual Pants for Women - Soft and Stretchy Fabric","49.","3.4 out of 5 stars","36"
"Compression Socks for Men & Women | Premium Lycra Spandex | 15-20mmHg Support for Circulation | Reflective Strips","19.","4.8 out of 5 stars","46"
"AKEWEI Nice Feminine V-Neck Shoulder Pleats Fashion Tops Fall and Winter Months Versatile Shirts Dressy Casual S-2XL","23.","4.3 out of 5 stars","46"
"Kistore Womens Long Sleeve Tops Crew Neck Pleated Casual Dressy Blouses T Shirts Fall Clothes 2024","15.","4.3 out of 5 stars","158"
"X-CHENG Fleece Lined Tights Sheer Women - Fake Translucent Warm Pantyhose Leggings Sheer Thick Tights for Winter","13.","4.3 out of 5 stars","8,098"
"Bulinlulu Fuzzy Socks for Women with Grips Plush Fuzzy Socks Sleep Cozy socks Sleep Socks Winter Soft Fluffy Socks","22.","4.6 out of 5 stars","2,800"
"G&Y 3 Pairs Women's Sheer Tights - 20D Control Top Pantyhose with Reinforced Toes","9.","3.7 out of 5 stars","13,309"
"AUTOMET Womens Fall Outfits Fashion Clothes Shackets Flannel Plaid Button Down Long Sleeve Shirts Jackets 2024","23.","4.4 out of 5 stars","16,180"
"MORECOO Women Socks Winter - Christmas Gifts for Women - Thick Wool Soft Warm Fuzzy Cozy Crew Socks for Women","12.","4.6 out of 5 stars","19,640"
"SHAPERX Women's Shapewear Bodysuit Tummy Control Body Shaper Seamless Sculpting Snatched Waist Body Suit","26.","4.1 out of 5 stars","38,763"
"Thermajane Long Johns Thermal Underwear for Women Fleece Lined Base Layer Pajama Set Cold Weather","31.","4.6 out of 5 stars","44,123"
"BomKinta Slouch Socks Women Thigh High Boot Socks Soft Scrunch Socks Size 5-11","16.","4.5 out of 5 stars","864"
"Beaully Women's Flannel Plaid Shacket Long Sleeve Button Down Shirts Jacket Coats with Side Pockets","23.","4.4 out of 5 stars","11,854"
"SINOPHANT High Waisted Leggings for Women - Full Length Capri Buttery Soft Yoga Pants for Workout Athletic","7.","4.3 out of 5 stars","5,532"
"THE GYM PEOPLE Women's Joggers Pants Lightweight Athletic Leggings Tapered Lounge Pants for Workout, Yoga, Running","24.","4.3 out of 5 stars","24,234"
"Trendy Queen Womens Oversized Hoodies Fleece Sweatshirts Long Sleeve Sweaters Pullover Fall Outfits Winter Clothes","29.","4.5 out of 5 stars","5,365"
"SimpleFun Women's Fall Sweaters Lightweight Square Neck Pullover Casual Long Sleeve Tunic Tops","14.","4.4 out of 5 stars","164"
"LOMON Women's Long Sleeves V Neck Blouses Dressy Casual Fashion T Shirts Textured Contrast Trimmed Tunic Tops","15.","4.2 out of 5 stars","87"
"LAOLASI Long Sleeve Shirts for Women Fall Tops Casual Dressy Blouses Fashion Pleated 2024 V Neck Tunic Tops for Leggings","19.","4.3 out of 5 stars","17"
"AKEWEI Womens Fall Long Sleeve Tops Work Casual Dressy Shirts for Women Keyhole Pleated Puff Sleeve Blouse","19.","4.4 out of 5 stars","52"
"ANRABESS Women's Oversized Crewneck Long Sleeve Fuzzy Knit Casual Chunky Warm 2024 Fall Pullover Sweaters Top Trendy Outfits","29.","4.4 out of 5 stars","4,112"
"CHARMKING Compression Socks for Women & Men Circulation (3 Pairs) 15-20 mmHg is Best Support for Athletic Running Cycling","10.","4.4 out of 5 stars","75,017"
"Go Nipless Nipple Covers No Show - Reusable Pasties Nipple Cover - Adhesive Silicone Nipple Pasties Nude","13.","4.4 out of 5 stars","9,125"
"AUTOMET Womens Oversized Leather Jackets Faux Suede Fall Fashion Motorcycle Coats Winter Outfits Clothes 2024","44.","4.4 out of 5 stars","811"
"4 Pack Leggings for Women Butt Lift High Waisted Tummy Control No See-Through Yoga Pants Workout Running Leggings","22.","4.3 out of 5 stars","5,867"
"ANRABESS Women's Open Front Knit Lightweight Cardigan Casual Long Coatigan Sweater Lady Jacket Coat 2024 Fall Outerwear","33.","4.4 out of 5 stars","4,850"
"Boob Tape Breast Lift Tape for Large Breasts with 2 Pcs Nipple Covers Invisible Boobtape for A-G Cup(Beige,3 in)","14.","4.7 out of 5 stars","3 inch"
"Fleece Lined Tights Women, Warm Pantyhose leggings Women,Fake Translucent Thermal Skin Colored Tights for Winter","17.","4.4 out of 5 stars","951"
"IDEALSANXUN Womens High Waist Plaid Skirt Bodycon Pencil Wool Mini Skirts","28.","4.2 out of 5 stars","3,421"
"AUTOMET Womens Sweatshirts Half Zip Cropped Pullover Fleece Quarter Zipper Hoodies 2024 Fall Fashion Outfits Clothes","23.","4.4 out of 5 stars","3,604"
"Hanes Women's Value, Crew Soft Moisture-wicking Socks, Available in 10 and 14-packs","7.","4.6 out of 5 stars","47,004"
"Yeokou Women's Warm Sherpa Lined Athletic Sweatpants Jogger Fleece Pants","26.","4.4 out of 5 stars","19,406"
"3 Pack Leggings for Women-No See-Through High Waisted Tummy Control Yoga Pants Workout Running Legging","18.","4.3 out of 5 stars","11,487"
"ANRABESS Women 2 Piece Outfits Sweatsuit Oversized Sweatshirt Sweatpants Tracksuit Sweat Lounge Matching Set 2024 Fall Trendy","53.","4.2 out of 5 stars","4,749"
"Trendy Queen Womens Long Sleeve Shirts Basic Crop Tops Tight Slim Fit Cute Teen Girls Fall Winter Y2k Clothes",NA,"4.4 out of 5 stars","3,442"
"Plush Slipper Socks Women - Colorful Warm Fuzzy Crew Socks Cozy Soft for Winter Indoor","13.","4.6 out of 5 stars","3,562"
"LILLUSORY Women's Oversized Batwing Sweaters 2024 Fall Outfits Crewneck Ribbed Knit Side Slit Trendy Pullover Tops","31.","4.4 out of 5 stars","3,667"
"Aelfric Eden Oversized Sweater 90s Vintage Knitted Sweater Long Sleeve Sweater Women Woven Crewneck Pullover","42.","4.3 out of 5 stars","482"
"CRZ YOGA Thermal Fleece Lined Leggings Women 28'' - Winter Warm Workout Hiking Pants High Waisted Yoga Tights Full Length","25.","4.6 out of 5 stars","2,997"
"GAYHAY High Waisted Leggings for Women - Soft Opaque Slim Tummy Control Printed Pants for Running Cycling Yoga","9.","4.3 out of 5 stars","18,453"
"CAMPSNAIL Fleece Lined Leggings Women - Thick Soft High Waisted Black Tummy Control Thermal Warm Velvet Pants for Cold Winter","21.","4.6 out of 5 stars","2,533"
"High Waisted Leggings for Women - No See Through Tummy Control Cycling Workout Yoga Pants with Pockets Reg & Plus","9.","4.3 out of 5 stars","23,841"
"FULLSOFT Fleece Lined Leggings Women Tummy Control High Waisted Workout Winter Warm Soft Yoga Pants","12.","4.3 out of 5 stars","1,992"
"IDEGG No Show Socks Womens and Men Low Cut Ankle Short Anti-slid Athletic Running Novelty Casual Invisible Liner Socks","11.","4.7 out of 5 stars","59,499"
