"","Links","Images","Title","Price","Rating"
"1","https://amazon.com/sspa/click?ie=UTF8&spc=MTo1MjM3OTUwNzMzNjAyNjY3OjE3MzI3MTY3OTY6c3BfYXRmX2Jyb3dzZTozMDA1NTQ2MzMyMTk3MDI6OjA6Og&url=%2FAOC-Quad-Core-Processor-Windows-Computer%2Fdp%2FB0DKXC8RPV%2Fref%3Dsr_1_1_sspa%3Fdib%3DeyJ2IjoiMSJ9.YD87mj1ibb4ybalYxBNbE9TcL9IIS8UZR_CKE4M14QCLaiU8FA-1i4d64TMRm7Xg0MqjAkvOFvDH3rwy0eaC807kVSHjkHosza3GGkB6CkY-u2ZtgWksEfLuXnjlc6HmAM28xNIQuaZ07EN1Lp8j7o61hge9v0wZg-XTabv3yoFDBQN11PuwQ6eKljnYSNb6MQTUOQeu3HLB0EXWrwBp-W3ESFsCeLLkDf59hQCCjLl01ifNciYkwKq9TgfnqYAwDQG52xy03h7JB6sPvA1nLYQmeY_7WtNJz_nC0DpRwfc.JL3JiH7OENwRmWIn_xpoS694ddWWKeaVZ4OBnFnkxg0%26dib_tag%3Dse%26qid%3D1732716796%26rnid%3D172282%26s%3Dcomputers-intl-ship%26sr%3D1-1-spons%26sp_csd%3Dd2lkZ2V0TmFtZT1zcF9hdGZfYnJvd3Nl%26psc%3D1","https://m.media-amazon.com/images/I/71dNOrZWmlL._AC_UL320_.jpg","AOC Newest 15.6"" Laptop for Home or Work, Intel Quad-Core Processor (Up to 3.6GHz), 16GB RAM, 512GB SSD, Windows 11 Laptops Computer, FHD Screen, Webcam, Light&Thin, Metal Shell, HDMI, Type-C, USB3.2","399.","5.0 out of 5 stars"
"2","https://amazon.com/sspa/click?ie=UTF8&spc=MTo1MjM3OTUwNzMzNjAyNjY3OjE3MzI3MTY3OTY6c3BfYXRmX2Jyb3dzZTozMDA0NjIyMjY1MTQxMDI6OjA6Og&url=%2FACEMAGIC-Computer-Powered-Processor-Traditional%2Fdp%2FB0DHV55W2Z%2Fref%3Dsr_1_2_sspa%3Fdib%3DeyJ2IjoiMSJ9.YD87mj1ibb4ybalYxBNbE9TcL9IIS8UZR_CKE4M14QCLaiU8FA-1i4d64TMRm7Xg0MqjAkvOFvDH3rwy0eaC807kVSHjkHosza3GGkB6CkY-u2ZtgWksEfLuXnjlc6HmAM28xNIQuaZ07EN1Lp8j7o61hge9v0wZg-XTabv3yoFDBQN11PuwQ6eKljnYSNb6MQTUOQeu3HLB0EXWrwBp-W3ESFsCeLLkDf59hQCCjLl01ifNciYkwKq9TgfnqYAwDQG52xy03h7JB6sPvA1nLYQmeY_7WtNJz_nC0DpRwfc.JL3JiH7OENwRmWIn_xpoS694ddWWKeaVZ4OBnFnkxg0%26dib_tag%3Dse%26qid%3D1732716796%26rnid%3D172282%26s%3Dcomputers-intl-ship%26sr%3D1-2-spons%26sp_csd%3Dd2lkZ2V0TmFtZT1zcF9hdGZfYnJvd3Nl%26psc%3D1","https://m.media-amazon.com/images/I/71A-v+jn6VL._AC_UL320_.jpg","ACEMAGIC 16 inch Laptop Computer,Powered by N97 Processor,16GB DDR4 RAM 512GB SSD,FHD 1920 * 1200P,Type_C,38Wh Battery,WiFi,BT5.0,Traditional Laptop for Everday Needs.","369.","4.5 out of 5 stars"
"3","https://amazon.com/sspa/click?ie=UTF8&spc=MTo1MjM3OTUwNzMzNjAyNjY3OjE3MzI3MTY3OTY6c3BfYXRmX2Jyb3dzZTozMDA1NDg4NTU0NDQ5MDI6OjA6Og&url=%2FACEMAGIC-Computer-Windows-Quad-Core-Battery%2Fdp%2FB0DJLL26QB%2Fref%3Dsr_1_3_sspa%3Fdib%3DeyJ2IjoiMSJ9.YD87mj1ibb4ybalYxBNbE9TcL9IIS8UZR_CKE4M14QCLaiU8FA-1i4d64TMRm7Xg0MqjAkvOFvDH3rwy0eaC807kVSHjkHosza3GGkB6CkY-u2ZtgWksEfLuXnjlc6HmAM28xNIQuaZ07EN1Lp8j7o61hge9v0wZg-XTabv3yoFDBQN11PuwQ6eKljnYSNb6MQTUOQeu3HLB0EXWrwBp-W3ESFsCeLLkDf59hQCCjLl01ifNciYkwKq9TgfnqYAwDQG52xy03h7JB6sPvA1nLYQmeY_7WtNJz_nC0DpRwfc.JL3JiH7OENwRmWIn_xpoS694ddWWKeaVZ4OBnFnkxg0%26dib_tag%3Dse%26qid%3D1732716796%26rnid%3D172282%26s%3Dcomputers-intl-ship%26sr%3D1-3-spons%26sp_csd%3Dd2lkZ2V0TmFtZT1zcF9hdGZfYnJvd3Nl%26psc%3D1","https://m.media-amazon.com/images/I/71o1K5Qu9vL._AC_UL320_.jpg","ACEMAGIC Laptop Computer, 16GB DDR4 512GB SSD, 15.6 Inch Windows 11 Laptop with Quad-Core N95(Up to 3.4GHz), Metal Shell, BT5.0, 5G WiFi, USB3.2, Type_C, Webcam, 38Wh Battery","359.","3.4 out of 5 stars"
"4","https://amazon.com/ASUS-ROG-Strix-Gaming-Laptop/dp/B0CRDCXRK2/ref=sr_1_4?dib=eyJ2IjoiMSJ9.YD87mj1ibb4ybalYxBNbE9TcL9IIS8UZR_CKE4M14QCLaiU8FA-1i4d64TMRm7Xg0MqjAkvOFvDH3rwy0eaC807kVSHjkHosza3GGkB6CkY-u2ZtgWksEfLuXnjlc6HmAM28xNIQuaZ07EN1Lp8j7o61hge9v0wZg-XTabv3yoFDBQN11PuwQ6eKljnYSNb6MQTUOQeu3HLB0EXWrwBp-W3ESFsCeLLkDf59hQCCjLl01ifNciYkwKq9TgfnqYAwDQG52xy03h7JB6sPvA1nLYQmeY_7WtNJz_nC0DpRwfc.JL3JiH7OENwRmWIn_xpoS694ddWWKeaVZ4OBnFnkxg0&dib_tag=se&qid=1732716796&rnid=172282&s=computers-intl-ship&sr=1-4","https://m.media-amazon.com/images/I/81GrCeuCzxL._AC_UL320_.jpg","ASUS ROG Strix G16 (2024) Gaming Laptop, 16<U+201D> 16:10 FHD 165Hz Display, NVIDIA<U+00AE> GeForce RTX<U+2122> 4060, Intel Core i7-13650HX, 16GB DDR5, 1TB PCIe Gen4 SSD, Wi-Fi 6E, Windows 11, G614JV-AS74","1,099.","4.3 out of 5 stars"
"5","https://amazon.com/Lenovo-3i-Chromebook-Everyday-Notebook/dp/B0BSJ46KY9/ref=sr_1_5?dib=eyJ2IjoiMSJ9.YD87mj1ibb4ybalYxBNbE9TcL9IIS8UZR_CKE4M14QCLaiU8FA-1i4d64TMRm7Xg0MqjAkvOFvDH3rwy0eaC807kVSHjkHosza3GGkB6CkY-u2ZtgWksEfLuXnjlc6HmAM28xNIQuaZ07EN1Lp8j7o61hge9v0wZg-XTabv3yoFDBQN11PuwQ6eKljnYSNb6MQTUOQeu3HLB0EXWrwBp-W3ESFsCeLLkDf59hQCCjLl01ifNciYkwKq9TgfnqYAwDQG52xy03h7JB6sPvA1nLYQmeY_7WtNJz_nC0DpRwfc.JL3JiH7OENwRmWIn_xpoS694ddWWKeaVZ4OBnFnkxg0&dib_tag=se&qid=1732716796&rnid=172282&s=computers-intl-ship&sr=1-5","https://m.media-amazon.com/images/I/71bwzCMcQvL._AC_UL320_.jpg","Lenovo IdeaPad 3i Chromebook, 15.6<U+201D> FHD Display, Intel Celeron N4500, 8GB RAM, 64GB eMMC, 1920x1080 px, 720p Camera, Chrome OS, Abyss Blue","254.","4.2 out of 5 stars"
"6","https://amazon.com/ASUS-Vivobook-Laptop-Windows-E1504FA-AS33/dp/B0CWHYV27D/ref=sr_1_6?dib=eyJ2IjoiMSJ9.YD87mj1ibb4ybalYxBNbE9TcL9IIS8UZR_CKE4M14QCLaiU8FA-1i4d64TMRm7Xg0MqjAkvOFvDH3rwy0eaC807kVSHjkHosza3GGkB6CkY-u2ZtgWksEfLuXnjlc6HmAM28xNIQuaZ07EN1Lp8j7o61hge9v0wZg-XTabv3yoFDBQN11PuwQ6eKljnYSNb6MQTUOQeu3HLB0EXWrwBp-W3ESFsCeLLkDf59hQCCjLl01ifNciYkwKq9TgfnqYAwDQG52xy03h7JB6sPvA1nLYQmeY_7WtNJz_nC0DpRwfc.JL3JiH7OENwRmWIn_xpoS694ddWWKeaVZ4OBnFnkxg0&dib_tag=se&qid=1732716796&rnid=172282&s=computers-intl-ship&sr=1-6","https://m.media-amazon.com/images/I/71TfjqvF4YL._AC_UL320_.jpg","ASUS Vivobook Go 15.6<U+201D> FHD Slim Laptop, AMD Ryzen 3 7320U Quad Core Processor, 8GB DDR5 RAM, 128GB SSD, Windows 11 Home, Fast Charging, Webcam Sheild, Mixed Black, E1504FA-AS33","219.","4.1 out of 5 stars"
"7","https://amazon.com/HP-Chromebook-Display-Graphics-14a-nf0009nr/dp/B0D1548FK1/ref=sr_1_7?dib=eyJ2IjoiMSJ9.YD87mj1ibb4ybalYxBNbE9TcL9IIS8UZR_CKE4M14QCLaiU8FA-1i4d64TMRm7Xg0MqjAkvOFvDH3rwy0eaC807kVSHjkHosza3GGkB6CkY-u2ZtgWksEfLuXnjlc6HmAM28xNIQuaZ07EN1Lp8j7o61hge9v0wZg-XTabv3yoFDBQN11PuwQ6eKljnYSNb6MQTUOQeu3HLB0EXWrwBp-W3ESFsCeLLkDf59hQCCjLl01ifNciYkwKq9TgfnqYAwDQG52xy03h7JB6sPvA1nLYQmeY_7WtNJz_nC0DpRwfc.JL3JiH7OENwRmWIn_xpoS694ddWWKeaVZ4OBnFnkxg0&dib_tag=se&qid=1732716796&rnid=172282&s=computers-intl-ship&sr=1-7","https://m.media-amazon.com/images/I/613x0pG1jZL._AC_UL320_.jpg","HP Chromebook 14 inch Laptop, FHD Display, Intel N100, 4 GB RAM, 64 GB eMMC, Intel UHD Graphics, Chrome OS 14a-nf0009nr (2024)","209.","4.2 out of 5 stars"
"8","https://amazon.com/A315-24P-R7VH-Display-Quad-Core-Processor-Graphics/dp/B0BS4BP8FB/ref=sr_1_8?dib=eyJ2IjoiMSJ9.YD87mj1ibb4ybalYxBNbE9TcL9IIS8UZR_CKE4M14QCLaiU8FA-1i4d64TMRm7Xg0MqjAkvOFvDH3rwy0eaC807kVSHjkHosza3GGkB6CkY-u2ZtgWksEfLuXnjlc6HmAM28xNIQuaZ07EN1Lp8j7o61hge9v0wZg-XTabv3yoFDBQN11PuwQ6eKljnYSNb6MQTUOQeu3HLB0EXWrwBp-W3ESFsCeLLkDf59hQCCjLl01ifNciYkwKq9TgfnqYAwDQG52xy03h7JB6sPvA1nLYQmeY_7WtNJz_nC0DpRwfc.JL3JiH7OENwRmWIn_xpoS694ddWWKeaVZ4OBnFnkxg0&dib_tag=se&qid=1732716796&rnid=172282&s=computers-intl-ship&sr=1-8","https://m.media-amazon.com/images/I/61gKkYQn6lL._AC_UL320_.jpg","Acer Aspire 3 A315-24P-R7VH Slim Laptop | 15.6"" Full HD IPS Display | AMD Ryzen 3 7320U Quad-Core Processor | AMD Radeon Graphics | 8GB LPDDR5 | 128GB NVMe SSD | Wi-Fi 6 | Windows 11 Home in S Mode","283.","4.4 out of 5 stars"
"9","https://amazon.com/HP-Stream-BrightView-N4120-Graphics/dp/B0CZKPF2QH/ref=sr_1_9?dib=eyJ2IjoiMSJ9.YD87mj1ibb4ybalYxBNbE9TcL9IIS8UZR_CKE4M14QCLaiU8FA-1i4d64TMRm7Xg0MqjAkvOFvDH3rwy0eaC807kVSHjkHosza3GGkB6CkY-u2ZtgWksEfLuXnjlc6HmAM28xNIQuaZ07EN1Lp8j7o61hge9v0wZg-XTabv3yoFDBQN11PuwQ6eKljnYSNb6MQTUOQeu3HLB0EXWrwBp-W3ESFsCeLLkDf59hQCCjLl01ifNciYkwKq9TgfnqYAwDQG52xy03h7JB6sPvA1nLYQmeY_7WtNJz_nC0DpRwfc.JL3JiH7OENwRmWIn_xpoS694ddWWKeaVZ4OBnFnkxg0&dib_tag=se&qid=1732716796&rnid=172282&s=computers-intl-ship&sr=1-9","https://m.media-amazon.com/images/I/61Uw0-2+2YL._AC_UL320_.jpg","HP Stream 14"" HD BrightView Laptop, Intel Celeron N4120, 16GB RAM, 288GB Storage (128GB eMMC + 160GB Docking Station Set), Intel UHD Graphics, 720p Webcam, Wi-Fi, 1 Year Office 365, Win 11 S, Silver","262.","4.3 out of 5 stars"
"10","https://amazon.com/i7-13620H-Processor-GeForce-Display-ANV15-51-73B9/dp/B0CMRGBXM9/ref=sr_1_10?dib=eyJ2IjoiMSJ9.YD87mj1ibb4ybalYxBNbE9TcL9IIS8UZR_CKE4M14QCLaiU8FA-1i4d64TMRm7Xg0MqjAkvOFvDH3rwy0eaC807kVSHjkHosza3GGkB6CkY-u2ZtgWksEfLuXnjlc6HmAM28xNIQuaZ07EN1Lp8j7o61hge9v0wZg-XTabv3yoFDBQN11PuwQ6eKljnYSNb6MQTUOQeu3HLB0EXWrwBp-W3ESFsCeLLkDf59hQCCjLl01ifNciYkwKq9TgfnqYAwDQG52xy03h7JB6sPvA1nLYQmeY_7WtNJz_nC0DpRwfc.JL3JiH7OENwRmWIn_xpoS694ddWWKeaVZ4OBnFnkxg0&dib_tag=se&qid=1732716796&rnid=172282&s=computers-intl-ship&sr=1-10","https://m.media-amazon.com/images/I/71F-Wcriq4L._AC_UL320_.jpg","Acer Nitro V Gaming Laptop | Intel Core i7-13620H Processor | NVIDIA GeForce RTX 4050 Laptop GPU | 15.6"" FHD IPS 144Hz Display | 16GB DDR5 | 512GB Gen 4 SSD | WiFi 6 | Backlit KB | ANV15-51-73B9","749.","4.3 out of 5 stars"
"11","https://amazon.com/MSI-Thin-144Hz-Gaming-Laptop/dp/B0CXV8YGLV/ref=sr_1_11?dib=eyJ2IjoiMSJ9.YD87mj1ibb4ybalYxBNbE9TcL9IIS8UZR_CKE4M14QCLaiU8FA-1i4d64TMRm7Xg0MqjAkvOFvDH3rwy0eaC807kVSHjkHosza3GGkB6CkY-u2ZtgWksEfLuXnjlc6HmAM28xNIQuaZ07EN1Lp8j7o61hge9v0wZg-XTabv3yoFDBQN11PuwQ6eKljnYSNb6MQTUOQeu3HLB0EXWrwBp-W3ESFsCeLLkDf59hQCCjLl01ifNciYkwKq9TgfnqYAwDQG52xy03h7JB6sPvA1nLYQmeY_7WtNJz_nC0DpRwfc.JL3JiH7OENwRmWIn_xpoS694ddWWKeaVZ4OBnFnkxg0&dib_tag=se&qid=1732716796&rnid=172282&s=computers-intl-ship&sr=1-11","https://m.media-amazon.com/images/I/71Fr-EEsp6L._AC_UL320_.jpg","MSI Thin 15 15.6<U+201D> 144Hz FHD Gaming Laptop: Intel Core i7-12650H, NVIDIA Geforce RTX 4050, 16GB DDR5, 512GB NVMe SSD, Cooler Boost 5, Win 11: Black B12VE-2023US","699.","4.3 out of 5 stars"
"12","https://amazon.com/MSI-Katana-144Hz-Gaming-Laptop/dp/B0CXVGSY2H/ref=sr_1_12?dib=eyJ2IjoiMSJ9.YD87mj1ibb4ybalYxBNbE9TcL9IIS8UZR_CKE4M14QCLaiU8FA-1i4d64TMRm7Xg0MqjAkvOFvDH3rwy0eaC807kVSHjkHosza3GGkB6CkY-u2ZtgWksEfLuXnjlc6HmAM28xNIQuaZ07EN1Lp8j7o61hge9v0wZg-XTabv3yoFDBQN11PuwQ6eKljnYSNb6MQTUOQeu3HLB0EXWrwBp-W3ESFsCeLLkDf59hQCCjLl01ifNciYkwKq9TgfnqYAwDQG52xy03h7JB6sPvA1nLYQmeY_7WtNJz_nC0DpRwfc.JL3JiH7OENwRmWIn_xpoS694ddWWKeaVZ4OBnFnkxg0&dib_tag=se&qid=1732716796&rnid=172282&s=computers-intl-ship&sr=1-12","https://m.media-amazon.com/images/I/715S+XXuydL._AC_UL320_.jpg","MSI Katana A15 AI 15.6<U+201D> 144Hz FHD Gaming Laptop: Ryzen 7-8845HS, NVIDIA Geforce RTX 4060, 32GB DDR5, 1TB NVMe SSD, Cooler Boost 5, Win 11: Black B8VF-448US","1,059.","4.3 out of 5 stars"
"13","https://amazon.com/sspa/click?ie=UTF8&spc=MTo1MjM3OTUwNzMzNjAyNjY3OjE3MzI3MTY3OTY6c3BfbXRmX2Jyb3dzZTozMDA1MjkyMjQ4NDg5MDI6OjA6Og&url=%2Fjumper-Computer-Speakers-Portable-Laptops%2Fdp%2FB0DHZXCVR8%2Fref%3Dsr_1_13_sspa%3Fdib%3DeyJ2IjoiMSJ9.YD87mj1ibb4ybalYxBNbE9TcL9IIS8UZR_CKE4M14QCLaiU8FA-1i4d64TMRm7Xg0MqjAkvOFvDH3rwy0eaC807kVSHjkHosza3GGkB6CkY-u2ZtgWksEfLuXnjlc6HmAM28xNIQuaZ07EN1Lp8j7o61hge9v0wZg-XTabv3yoFDBQN11PuwQ6eKljnYSNb6MQTUOQeu3HLB0EXWrwBp-W3ESFsCeLLkDf59hQCCjLl01ifNciYkwKq9TgfnqYAwDQG52xy03h7JB6sPvA1nLYQmeY_7WtNJz_nC0DpRwfc.JL3JiH7OENwRmWIn_xpoS694ddWWKeaVZ4OBnFnkxg0%26dib_tag%3Dse%26qid%3D1732716796%26rnid%3D172282%26s%3Dcomputers-intl-ship%26sr%3D1-13-spons%26sp_csd%3Dd2lkZ2V0TmFtZT1zcF9tdGZfYnJvd3Nl%26psc%3D1","https://m.media-amazon.com/images/I/7174i6d2pFL._AC_UL320_.jpg","jumper Laptop, 16GB RAM 128GB EMMC, 512GB SSD, Office 365 One Year, Laptop Computer with N95 CPU, 15.6 Inch FHD IPS 1080P Display, 2.4G+5G WiFi, BT4.2, 38WH Battery, 2 Speakers, Portable Laptops.","349.","3.9 out of 5 stars"
"14","https://amazon.com/sspa/click?ie=UTF8&spc=MTo1MjM3OTUwNzMzNjAyNjY3OjE3MzI3MTY3OTY6c3BfbXRmX2Jyb3dzZTozMDA1MjcwNjQ0NzU3MDI6OjA6Og&url=%2Fjumper-Computer-Keyboard-Speakers-Poratable%2Fdp%2FB0DK8VQ7VW%2Fref%3Dsr_1_14_sspa%3Fdib%3DeyJ2IjoiMSJ9.YD87mj1ibb4ybalYxBNbE9TcL9IIS8UZR_CKE4M14QCLaiU8FA-1i4d64TMRm7Xg0MqjAkvOFvDH3rwy0eaC807kVSHjkHosza3GGkB6CkY-u2ZtgWksEfLuXnjlc6HmAM28xNIQuaZ07EN1Lp8j7o61hge9v0wZg-XTabv3yoFDBQN11PuwQ6eKljnYSNb6MQTUOQeu3HLB0EXWrwBp-W3ESFsCeLLkDf59hQCCjLl01ifNciYkwKq9TgfnqYAwDQG52xy03h7JB6sPvA1nLYQmeY_7WtNJz_nC0DpRwfc.JL3JiH7OENwRmWIn_xpoS694ddWWKeaVZ4OBnFnkxg0%26dib_tag%3Dse%26qid%3D1732716796%26rnid%3D172282%26s%3Dcomputers-intl-ship%26sr%3D1-14-spons%26sp_csd%3Dd2lkZ2V0TmFtZT1zcF9tdGZfYnJvd3Nl%26psc%3D1","https://m.media-amazon.com/images/I/71AU1Ns0fvL._AC_UL320_.jpg","jumper Laptop, Quad Core N5095 CPU, 16GB RAM 512GB SSD, Laptop Computer with FHD IPS 1200P Display, 38WH Battery, Cooling System, Numeric Keyboard, 4 Speakers, Poratable Business 16 Inch Laptops.","329.","4.5 out of 5 stars"
"15","https://amazon.com/sspa/click?ie=UTF8&spc=MTo1MjM3OTUwNzMzNjAyNjY3OjE3MzI3MTY3OTY6c3BfbXRmX2Jyb3dzZTozMDA1NTQzMjI1NDk1MDI6OjA6Og&url=%2FMaxsignage-Windows-Slim-Student-Laptop%2Fdp%2FB0D76F7WPL%2Fref%3Dsr_1_15_sspa%3Fdib%3DeyJ2IjoiMSJ9.YD87mj1ibb4ybalYxBNbE9TcL9IIS8UZR_CKE4M14QCLaiU8FA-1i4d64TMRm7Xg0MqjAkvOFvDH3rwy0eaC807kVSHjkHosza3GGkB6CkY-u2ZtgWksEfLuXnjlc6HmAM28xNIQuaZ07EN1Lp8j7o61hge9v0wZg-XTabv3yoFDBQN11PuwQ6eKljnYSNb6MQTUOQeu3HLB0EXWrwBp-W3ESFsCeLLkDf59hQCCjLl01ifNciYkwKq9TgfnqYAwDQG52xy03h7JB6sPvA1nLYQmeY_7WtNJz_nC0DpRwfc.JL3JiH7OENwRmWIn_xpoS694ddWWKeaVZ4OBnFnkxg0%26dib_tag%3Dse%26qid%3D1732716796%26rnid%3D172282%26s%3Dcomputers-intl-ship%26sr%3D1-15-spons%26sp_csd%3Dd2lkZ2V0TmFtZT1zcF9tdGZfYnJvd3Nl%26psc%3D1","https://m.media-amazon.com/images/I/71zxaUVlTFL._AC_UL320_.jpg","Windows 11 Slim Student Laptop: 15.6"" Full HD | 512GB SSD | 12GB DDR4 RAM | Intel Jasper Lake N5095 | Numeric Keypad | Wi-Fi 6 | AMD Radeon Graphics | Business and Fun (2024)","272.","5.0 out of 5 stars"
"16","https://amazon.com/acer-Gateway-Chromebook-CBO311-1H-C1MX-802-11ac/dp/B0D33NC672/ref=sr_1_16?dib=eyJ2IjoiMSJ9.YD87mj1ibb4ybalYxBNbE9TcL9IIS8UZR_CKE4M14QCLaiU8FA-1i4d64TMRm7Xg0MqjAkvOFvDH3rwy0eaC807kVSHjkHosza3GGkB6CkY-u2ZtgWksEfLuXnjlc6HmAM28xNIQuaZ07EN1Lp8j7o61hge9v0wZg-XTabv3yoFDBQN11PuwQ6eKljnYSNb6MQTUOQeu3HLB0EXWrwBp-W3ESFsCeLLkDf59hQCCjLl01ifNciYkwKq9TgfnqYAwDQG52xy03h7JB6sPvA1nLYQmeY_7WtNJz_nC0DpRwfc.JL3JiH7OENwRmWIn_xpoS694ddWWKeaVZ4OBnFnkxg0&dib_tag=se&qid=1732716796&rnid=172282&s=computers-intl-ship&sr=1-16","https://m.media-amazon.com/images/I/61s7XxkIC5L._AC_UL320_.jpg","acer Gateway Chromebook 311 CBO311-1H-C1MX Laptop | Intel Celeron N4500 | 11.6"" HD (1366 x 768) Display | 4GB LPDDR4X | 64GB eMMC | Wi-Fi 5 802.11ac | Chrome OS | Star Black","146.","4.5 out of 5 stars"
"17","https://amazon.com/HP-Generation-i3-1215U-Graphics-14-dq5009nr/dp/B0CS3XPZNH/ref=sr_1_17?dib=eyJ2IjoiMSJ9.YD87mj1ibb4ybalYxBNbE9TcL9IIS8UZR_CKE4M14QCLaiU8FA-1i4d64TMRm7Xg0MqjAkvOFvDH3rwy0eaC807kVSHjkHosza3GGkB6CkY-u2ZtgWksEfLuXnjlc6HmAM28xNIQuaZ07EN1Lp8j7o61hge9v0wZg-XTabv3yoFDBQN11PuwQ6eKljnYSNb6MQTUOQeu3HLB0EXWrwBp-W3ESFsCeLLkDf59hQCCjLl01ifNciYkwKq9TgfnqYAwDQG52xy03h7JB6sPvA1nLYQmeY_7WtNJz_nC0DpRwfc.JL3JiH7OENwRmWIn_xpoS694ddWWKeaVZ4OBnFnkxg0&dib_tag=se&qid=1732716796&rnid=172282&s=computers-intl-ship&sr=1-17","https://m.media-amazon.com/images/I/81tnwNLrlDL._AC_UL320_.jpg","HP 14 inch Laptop, HD Display, 12th Generation Intel Core i3-1215U, 8 GB RAM, 256 GB SSD, Intel UHD Graphics, Windows 11 Home in S Mode, 14-dq5009nr (2024)","379.","4.3 out of 5 stars"
"18","https://amazon.com/ASUS-Vivobook-Celeron-Windows-L510KA-ES04/dp/B0CRDCW3Q3/ref=sr_1_18?dib=eyJ2IjoiMSJ9.YD87mj1ibb4ybalYxBNbE9TcL9IIS8UZR_CKE4M14QCLaiU8FA-1i4d64TMRm7Xg0MqjAkvOFvDH3rwy0eaC807kVSHjkHosza3GGkB6CkY-u2ZtgWksEfLuXnjlc6HmAM28xNIQuaZ07EN1Lp8j7o61hge9v0wZg-XTabv3yoFDBQN11PuwQ6eKljnYSNb6MQTUOQeu3HLB0EXWrwBp-W3ESFsCeLLkDf59hQCCjLl01ifNciYkwKq9TgfnqYAwDQG52xy03h7JB6sPvA1nLYQmeY_7WtNJz_nC0DpRwfc.JL3JiH7OENwRmWIn_xpoS694ddWWKeaVZ4OBnFnkxg0&dib_tag=se&qid=1732716796&rnid=172282&s=computers-intl-ship&sr=1-18","https://m.media-amazon.com/images/I/61KZBt8QeGL._AC_UL320_.jpg","ASUS 15.6<U+201D> Vivobook Go Laptop, Intel Dual Core N4500, 4GB RAM, 128GB SSD, Windows 11 in S Mode, Star Black, L510KA-ES04","159.","4.1 out of 5 stars"
"19","https://amazon.com/HP-Touchscreen-Display-i7-1255U-SuperSpeed/dp/B0CKTZVB17/ref=sr_1_19?dib=eyJ2IjoiMSJ9.YD87mj1ibb4ybalYxBNbE9TcL9IIS8UZR_CKE4M14QCLaiU8FA-1i4d64TMRm7Xg0MqjAkvOFvDH3rwy0eaC807kVSHjkHosza3GGkB6CkY-u2ZtgWksEfLuXnjlc6HmAM28xNIQuaZ07EN1Lp8j7o61hge9v0wZg-XTabv3yoFDBQN11PuwQ6eKljnYSNb6MQTUOQeu3HLB0EXWrwBp-W3ESFsCeLLkDf59hQCCjLl01ifNciYkwKq9TgfnqYAwDQG52xy03h7JB6sPvA1nLYQmeY_7WtNJz_nC0DpRwfc.JL3JiH7OENwRmWIn_xpoS694ddWWKeaVZ4OBnFnkxg0&dib_tag=se&qid=1732716796&rnid=172282&s=computers-intl-ship&sr=1-19","https://m.media-amazon.com/images/I/71CGrFl8cjL._AC_UL320_.jpg","HP 17 Laptop, 17.3"" HD+ Touchscreen Display, 12th Gen Intel Core i7-1255U, 64GB RAM, 2TB SSD, Webcam, HDMI, SuperSpeed USB Ports, Wi-Fi 6, Windows 11 Home, Silver","999.","4.3 out of 5 stars"
"20","https://amazon.com/HP-Micro-edge-Microsoft-14-dq0040nr-Snowflake/dp/B0947BJ67M/ref=sr_1_20?dib=eyJ2IjoiMSJ9.YD87mj1ibb4ybalYxBNbE9TcL9IIS8UZR_CKE4M14QCLaiU8FA-1i4d64TMRm7Xg0MqjAkvOFvDH3rwy0eaC807kVSHjkHosza3GGkB6CkY-u2ZtgWksEfLuXnjlc6HmAM28xNIQuaZ07EN1Lp8j7o61hge9v0wZg-XTabv3yoFDBQN11PuwQ6eKljnYSNb6MQTUOQeu3HLB0EXWrwBp-W3ESFsCeLLkDf59hQCCjLl01ifNciYkwKq9TgfnqYAwDQG52xy03h7JB6sPvA1nLYQmeY_7WtNJz_nC0DpRwfc.JL3JiH7OENwRmWIn_xpoS694ddWWKeaVZ4OBnFnkxg0&dib_tag=se&qid=1732716796&rnid=172282&s=computers-intl-ship&sr=1-20","https://m.media-amazon.com/images/I/815uX7wkOZS._AC_UL320_.jpg","HP 14 Laptop, Intel Celeron N4020, 4 GB RAM, 64 GB Storage, 14-inch Micro-edge HD Display, Windows 11 Home, Thin & Portable, 4K Graphics, One Year of Microsoft 365 (14-dq0040nr, Snowflake White)","179.","4.0 out of 5 stars"
"21","https://amazon.com/HP-Students-Business-Quad-Core-Storage/dp/B0B2D77YB8/ref=sr_1_21?dib=eyJ2IjoiMSJ9.YD87mj1ibb4ybalYxBNbE9TcL9IIS8UZR_CKE4M14QCLaiU8FA-1i4d64TMRm7Xg0MqjAkvOFvDH3rwy0eaC807kVSHjkHosza3GGkB6CkY-u2ZtgWksEfLuXnjlc6HmAM28xNIQuaZ07EN1Lp8j7o61hge9v0wZg-XTabv3yoFDBQN11PuwQ6eKljnYSNb6MQTUOQeu3HLB0EXWrwBp-W3ESFsCeLLkDf59hQCCjLl01ifNciYkwKq9TgfnqYAwDQG52xy03h7JB6sPvA1nLYQmeY_7WtNJz_nC0DpRwfc.JL3JiH7OENwRmWIn_xpoS694ddWWKeaVZ4OBnFnkxg0&dib_tag=se&qid=1732716796&rnid=172282&s=computers-intl-ship&sr=1-21","https://m.media-amazon.com/images/I/81divYKpeTL._AC_UL320_.jpg","HP 14"" Ultral Light Laptop for Students and Business, Intel Quad-Core, 8GB RAM, 192GB Storage(64GB eMMC+128GB Ghost Manta SD Card), 1 Year Office 365, USB C, Win 11 S","212.","4.0 out of 5 stars"
"22","https://amazon.com/Lenovo-Newest-Flagship-Chromebook-HubxcelAccesory/dp/B0CBJ46QZX/ref=sr_1_22?dib=eyJ2IjoiMSJ9.YD87mj1ibb4ybalYxBNbE9TcL9IIS8UZR_CKE4M14QCLaiU8FA-1i4d64TMRm7Xg0MqjAkvOFvDH3rwy0eaC807kVSHjkHosza3GGkB6CkY-u2ZtgWksEfLuXnjlc6HmAM28xNIQuaZ07EN1Lp8j7o61hge9v0wZg-XTabv3yoFDBQN11PuwQ6eKljnYSNb6MQTUOQeu3HLB0EXWrwBp-W3ESFsCeLLkDf59hQCCjLl01ifNciYkwKq9TgfnqYAwDQG52xy03h7JB6sPvA1nLYQmeY_7WtNJz_nC0DpRwfc.JL3JiH7OENwRmWIn_xpoS694ddWWKeaVZ4OBnFnkxg0&dib_tag=se&qid=1732716796&rnid=172282&s=computers-intl-ship&sr=1-22","https://m.media-amazon.com/images/I/61KlKRdsQ7L._AC_UL320_.jpg","Lenovo Newest Flagship Chromebook, 14'' FHD Touchscreen Slim Thin Light Laptop Computer, 8-Core MediaTek Kompanio 520 Processor, 4GB RAM, 64GB eMMC, WiFi 6,Chrome OS+HubxcelAccesory, Abyss Blue","202.","4.3 out of 5 stars"
"23","https://amazon.com/ASUS-Vivobook-i5-1235U-Graphics-F1605ZA-AS56/dp/B0CWJ642YM/ref=sr_1_23?dib=eyJ2IjoiMSJ9.YD87mj1ibb4ybalYxBNbE9TcL9IIS8UZR_CKE4M14QCLaiU8FA-1i4d64TMRm7Xg0MqjAkvOFvDH3rwy0eaC807kVSHjkHosza3GGkB6CkY-u2ZtgWksEfLuXnjlc6HmAM28xNIQuaZ07EN1Lp8j7o61hge9v0wZg-XTabv3yoFDBQN11PuwQ6eKljnYSNb6MQTUOQeu3HLB0EXWrwBp-W3ESFsCeLLkDf59hQCCjLl01ifNciYkwKq9TgfnqYAwDQG52xy03h7JB6sPvA1nLYQmeY_7WtNJz_nC0DpRwfc.JL3JiH7OENwRmWIn_xpoS694ddWWKeaVZ4OBnFnkxg0&dib_tag=se&qid=1732716796&rnid=172282&s=computers-intl-ship&sr=1-23","https://m.media-amazon.com/images/I/61IRywqLYzL._AC_UL320_.jpg","ASUS Vivobook 16<U+201D> WUXGA Laptop, Intel Core i5-1235U, Intel Iris Xe Graphics, 16GB Memory, 512GB SSD, Cool Silver, F1605ZA-AS56","379.","4.2 out of 5 stars"
"24","https://amazon.com/ASUS-Gaming-Laptop-Nebula-Display/dp/B0CRCVJFQM/ref=sr_1_24?dib=eyJ2IjoiMSJ9.YD87mj1ibb4ybalYxBNbE9TcL9IIS8UZR_CKE4M14QCLaiU8FA-1i4d64TMRm7Xg0MqjAkvOFvDH3rwy0eaC807kVSHjkHosza3GGkB6CkY-u2ZtgWksEfLuXnjlc6HmAM28xNIQuaZ07EN1Lp8j7o61hge9v0wZg-XTabv3yoFDBQN11PuwQ6eKljnYSNb6MQTUOQeu3HLB0EXWrwBp-W3ESFsCeLLkDf59hQCCjLl01ifNciYkwKq9TgfnqYAwDQG52xy03h7JB6sPvA1nLYQmeY_7WtNJz_nC0DpRwfc.JL3JiH7OENwRmWIn_xpoS694ddWWKeaVZ4OBnFnkxg0&dib_tag=se&qid=1732716796&rnid=172282&s=computers-intl-ship&sr=1-24","https://m.media-amazon.com/images/I/71kOH3in8TL._AC_UL320_.jpg","ASUS ROG Strix G16 (2024) Gaming Laptop, 16<U+201D> ROG Nebula Display 16:10 QHD 240Hz, NVIDIA<U+00AE> GeForce RTX<U+2122> 4070, Intel<U+00AE> Core<U+2122> i9-14900HX, 16GB DDR5-5600, 1TB PCIe Gen4 SSD, Wi-Fi 6E, Win 11, G614JIR-AS94","1,614.","4.2 out of 5 stars"
"25","https://amazon.com/ASUS-Display-NVIDIA%C2%AE-GeForce-FA506NF-ES51/dp/B0CRDF25TQ/ref=sr_1_25?dib=eyJ2IjoiMSJ9.YD87mj1ibb4ybalYxBNbE9TcL9IIS8UZR_CKE4M14QCLaiU8FA-1i4d64TMRm7Xg0MqjAkvOFvDH3rwy0eaC807kVSHjkHosza3GGkB6CkY-u2ZtgWksEfLuXnjlc6HmAM28xNIQuaZ07EN1Lp8j7o61hge9v0wZg-XTabv3yoFDBQN11PuwQ6eKljnYSNb6MQTUOQeu3HLB0EXWrwBp-W3ESFsCeLLkDf59hQCCjLl01ifNciYkwKq9TgfnqYAwDQG52xy03h7JB6sPvA1nLYQmeY_7WtNJz_nC0DpRwfc.JL3JiH7OENwRmWIn_xpoS694ddWWKeaVZ4OBnFnkxg0&dib_tag=se&qid=1732716796&rnid=172282&s=computers-intl-ship&sr=1-25","https://m.media-amazon.com/images/I/81kxce-AlLL._AC_UL320_.jpg","ASUS TUF Gaming A15 (2024) Gaming Laptop, 15.6<U+201D> FHD 144Hz Display, NVIDIA<U+00AE> GeForce RTX<U+2122> 2050, AMD Ryzen<U+2122> 5 7535HS, 8GB DDR5, 512GB PCIe<U+00AE> Gen4 NVMe<U+2122> SSD, Wi-Fi 6, Windows 11, FA506NF-ES51","559.","4.3 out of 5 stars"
"26","https://amazon.com/i5-13420H-Processor-GeForce-Display-ANV15-51-51H9/dp/B0CP8D4SM2/ref=sr_1_26?dib=eyJ2IjoiMSJ9.YD87mj1ibb4ybalYxBNbE9TcL9IIS8UZR_CKE4M14QCLaiU8FA-1i4d64TMRm7Xg0MqjAkvOFvDH3rwy0eaC807kVSHjkHosza3GGkB6CkY-u2ZtgWksEfLuXnjlc6HmAM28xNIQuaZ07EN1Lp8j7o61hge9v0wZg-XTabv3yoFDBQN11PuwQ6eKljnYSNb6MQTUOQeu3HLB0EXWrwBp-W3ESFsCeLLkDf59hQCCjLl01ifNciYkwKq9TgfnqYAwDQG52xy03h7JB6sPvA1nLYQmeY_7WtNJz_nC0DpRwfc.JL3JiH7OENwRmWIn_xpoS694ddWWKeaVZ4OBnFnkxg0&dib_tag=se&qid=1732716796&rnid=172282&s=computers-intl-ship&sr=1-26","https://m.media-amazon.com/images/I/71F-Wcriq4L._AC_UL320_.jpg","Acer Nitro V Gaming Laptop | Intel Core i5-13420H Processor | NVIDIA GeForce RTX 4050 Laptop GPU | 15.6"" FHD IPS 144Hz Display | 8GB DDR5 | 512GB Gen 4 SSD | WiFi 6 | Backlit KB | ANV15-51-51H9","649.","4.4 out of 5 stars"
"27","https://amazon.com/HP-AMD-7520U-Graphics-17-cp2099nr/dp/B0CVNH95DX/ref=sr_1_27?dib=eyJ2IjoiMSJ9.YD87mj1ibb4ybalYxBNbE9TcL9IIS8UZR_CKE4M14QCLaiU8FA-1i4d64TMRm7Xg0MqjAkvOFvDH3rwy0eaC807kVSHjkHosza3GGkB6CkY-u2ZtgWksEfLuXnjlc6HmAM28xNIQuaZ07EN1Lp8j7o61hge9v0wZg-XTabv3yoFDBQN11PuwQ6eKljnYSNb6MQTUOQeu3HLB0EXWrwBp-W3ESFsCeLLkDf59hQCCjLl01ifNciYkwKq9TgfnqYAwDQG52xy03h7JB6sPvA1nLYQmeY_7WtNJz_nC0DpRwfc.JL3JiH7OENwRmWIn_xpoS694ddWWKeaVZ4OBnFnkxg0&dib_tag=se&qid=1732716796&rnid=172282&s=computers-intl-ship&sr=1-27","https://m.media-amazon.com/images/I/71hj6O0vZAL._AC_UL320_.jpg","HP 17.3 inch Laptop, FHD Display, AMD Ryzen 5 7520U, 16 GB RAM, 512 GB SSD, AMD Radeon Graphics, Windows 11 Home, 17-cp2099nr (2024)","539.","4.4 out of 5 stars"
"28","https://amazon.com/MSI-Katana-165Hz-Gaming-Laptop/dp/B0CT4BHS2M/ref=sr_1_28?dib=eyJ2IjoiMSJ9.YD87mj1ibb4ybalYxBNbE9TcL9IIS8UZR_CKE4M14QCLaiU8FA-1i4d64TMRm7Xg0MqjAkvOFvDH3rwy0eaC807kVSHjkHosza3GGkB6CkY-u2ZtgWksEfLuXnjlc6HmAM28xNIQuaZ07EN1Lp8j7o61hge9v0wZg-XTabv3yoFDBQN11PuwQ6eKljnYSNb6MQTUOQeu3HLB0EXWrwBp-W3ESFsCeLLkDf59hQCCjLl01ifNciYkwKq9TgfnqYAwDQG52xy03h7JB6sPvA1nLYQmeY_7WtNJz_nC0DpRwfc.JL3JiH7OENwRmWIn_xpoS694ddWWKeaVZ4OBnFnkxg0&dib_tag=se&qid=1732716796&rnid=172282&s=computers-intl-ship&sr=1-28","https://m.media-amazon.com/images/I/81-3FfpcwML._AC_UL320_.jpg","MSI Katana 15 15.6<U+201D> 165Hz QHD Gaming Laptop: Intel Core i7-13620H, NVIDIA Geforce RTX 4070, 16GB DDR5, 1TB NVMe SSD, Cooler Boost 5, Win 11: Black B13VGK-2000US","1,099.","4.2 out of 5 stars"
"29","https://amazon.com/Dell-Laptop-Touchscreen-Quad-Core-i5-1135G7/dp/B0CC936WF1/ref=sr_1_29?dib=eyJ2IjoiMSJ9.YD87mj1ibb4ybalYxBNbE9TcL9IIS8UZR_CKE4M14QCLaiU8FA-1i4d64TMRm7Xg0MqjAkvOFvDH3rwy0eaC807kVSHjkHosza3GGkB6CkY-u2ZtgWksEfLuXnjlc6HmAM28xNIQuaZ07EN1Lp8j7o61hge9v0wZg-XTabv3yoFDBQN11PuwQ6eKljnYSNb6MQTUOQeu3HLB0EXWrwBp-W3ESFsCeLLkDf59hQCCjLl01ifNciYkwKq9TgfnqYAwDQG52xy03h7JB6sPvA1nLYQmeY_7WtNJz_nC0DpRwfc.JL3JiH7OENwRmWIn_xpoS694ddWWKeaVZ4OBnFnkxg0&dib_tag=se&qid=1732716796&rnid=172282&s=computers-intl-ship&sr=1-29","https://m.media-amazon.com/images/I/71gbrvRJI-L._AC_UL320_.jpg","Dell Inspiron 15 3000 3520 Business Laptop Computer[Windows 11 Pro], 15.6'' FHD Touchscreen, 11th Gen Intel Quad-Core i5-1135G7, 16GB RAM, 1TB PCIe SSD, Numeric Keypad, Wi-Fi, Webcam, HDMI, Black","476.","4.2 out of 5 stars"
"30","https://amazon.com/Lenovo-Chromebook-Graphics-1920x1080-Touchscreen/dp/B0CWB3QTGF/ref=sr_1_30?dib=eyJ2IjoiMSJ9.YD87mj1ibb4ybalYxBNbE9TcL9IIS8UZR_CKE4M14QCLaiU8FA-1i4d64TMRm7Xg0MqjAkvOFvDH3rwy0eaC807kVSHjkHosza3GGkB6CkY-u2ZtgWksEfLuXnjlc6HmAM28xNIQuaZ07EN1Lp8j7o61hge9v0wZg-XTabv3yoFDBQN11PuwQ6eKljnYSNb6MQTUOQeu3HLB0EXWrwBp-W3ESFsCeLLkDf59hQCCjLl01ifNciYkwKq9TgfnqYAwDQG52xy03h7JB6sPvA1nLYQmeY_7WtNJz_nC0DpRwfc.JL3JiH7OENwRmWIn_xpoS694ddWWKeaVZ4OBnFnkxg0&dib_tag=se&qid=1732716796&rnid=172282&s=computers-intl-ship&sr=1-30","https://m.media-amazon.com/images/I/61uX-zajiXL._AC_UL320_.jpg","Lenovo IdeaPad Flex 3i Chromebook Laptop, Intel<U+00AE> UHD Graphics, 15.6<U+201D> FHD Display, Intel Pentium N6000, 8GB RAM, 128GB SSD, 1920x1080 px, Touchscreen, Chrome OS, Abyss Blue","299.","4.4 out of 5 stars"
"31","https://amazon.com/sspa/click?ie=UTF8&spc=MTo1MjM3OTUwNzMzNjAyNjY3OjE3MzI3MTY3OTY6c3BfYnRmX2Jyb3dzZTozMDA0NDc5NTkwOTk0MDI6OjA6Og&url=%2Fi9-13900H-Processor-GeForce-Display-ANV15-51-99XD%2Fdp%2FB0D8JTYXQM%2Fref%3Dsr_1_31_sspa%3Fdib%3DeyJ2IjoiMSJ9.YD87mj1ibb4ybalYxBNbE9TcL9IIS8UZR_CKE4M14QCLaiU8FA-1i4d64TMRm7Xg0MqjAkvOFvDH3rwy0eaC807kVSHjkHosza3GGkB6CkY-u2ZtgWksEfLuXnjlc6HmAM28xNIQuaZ07EN1Lp8j7o61hge9v0wZg-XTabv3yoFDBQN11PuwQ6eKljnYSNb6MQTUOQeu3HLB0EXWrwBp-W3ESFsCeLLkDf59hQCCjLl01ifNciYkwKq9TgfnqYAwDQG52xy03h7JB6sPvA1nLYQmeY_7WtNJz_nC0DpRwfc.JL3JiH7OENwRmWIn_xpoS694ddWWKeaVZ4OBnFnkxg0%26dib_tag%3Dse%26qid%3D1732716796%26rnid%3D172282%26s%3Dcomputers-intl-ship%26sr%3D1-31-spons%26sp_csd%3Dd2lkZ2V0TmFtZT1zcF9idGZfYnJvd3Nl%26psc%3D1","https://m.media-amazon.com/images/I/71F-Wcriq4L._AC_UL320_.jpg","Acer Nitro V Gaming Laptop | Intel Core i9-13900H Processor | NVIDIA GeForce RTX 4060 Laptop GPU | 15.6"" FHD IPS 180Hz Display | 16GB DDR5 | 1TB Gen 4 SSD | WiFi 6 | Backlit KB | ANV15-51-99XD","1,149.","4.3 out of 5 stars"
"32","https://amazon.com/sspa/click?ie=UTF8&spc=MTo1MjM3OTUwNzMzNjAyNjY3OjE3MzI3MTY3OTY6c3BfYnRmX2Jyb3dzZTozMDA1NDg5ODE1MjQ2MDI6OjA6Og&url=%2FBHWW-BaseBook-Computer-i5-1035G4-1920x1200%2Fdp%2FB0D7H881TL%2Fref%3Dsr_1_32_sspa%3Fdib%3DeyJ2IjoiMSJ9.YD87mj1ibb4ybalYxBNbE9TcL9IIS8UZR_CKE4M14QCLaiU8FA-1i4d64TMRm7Xg0MqjAkvOFvDH3rwy0eaC807kVSHjkHosza3GGkB6CkY-u2ZtgWksEfLuXnjlc6HmAM28xNIQuaZ07EN1Lp8j7o61hge9v0wZg-XTabv3yoFDBQN11PuwQ6eKljnYSNb6MQTUOQeu3HLB0EXWrwBp-W3ESFsCeLLkDf59hQCCjLl01ifNciYkwKq9TgfnqYAwDQG52xy03h7JB6sPvA1nLYQmeY_7WtNJz_nC0DpRwfc.JL3JiH7OENwRmWIn_xpoS694ddWWKeaVZ4OBnFnkxg0%26dib_tag%3Dse%26qid%3D1732716796%26rnid%3D172282%26s%3Dcomputers-intl-ship%26sr%3D1-32-spons%26sp_csd%3Dd2lkZ2V0TmFtZT1zcF9idGZfYnJvd3Nl%26psc%3D1","https://m.media-amazon.com/images/I/81+Vk0q2-5L._AC_UL320_.jpg","16"" Laptop, BaseBook Pro Computer Laptops for Student with Core i5-1035G4, Iris Plus Graphics, 32GB RAM & 1TB SSD, 1920x1200 IPS FHD Display, 100% sRGB, 16:10 Ratio, LAN, Fingerprint","429.",""
"33","https://amazon.com/sspa/click?ie=UTF8&spc=MTo1MjM3OTUwNzMzNjAyNjY3OjE3MzI3MTY3OTY6c3BfYnRmX2Jyb3dzZTozMDA1MjAxMDQ0ODgzMDI6OjA6Og&url=%2FMALLRACE-17-3-Inch-Core-12th-Traditional-Computer%2Fdp%2FB0DKJK6N1C%2Fref%3Dsr_1_33_sspa%3Fdib%3DeyJ2IjoiMSJ9.YD87mj1ibb4ybalYxBNbE9TcL9IIS8UZR_CKE4M14QCLaiU8FA-1i4d64TMRm7Xg0MqjAkvOFvDH3rwy0eaC807kVSHjkHosza3GGkB6CkY-u2ZtgWksEfLuXnjlc6HmAM28xNIQuaZ07EN1Lp8j7o61hge9v0wZg-XTabv3yoFDBQN11PuwQ6eKljnYSNb6MQTUOQeu3HLB0EXWrwBp-W3ESFsCeLLkDf59hQCCjLl01ifNciYkwKq9TgfnqYAwDQG52xy03h7JB6sPvA1nLYQmeY_7WtNJz_nC0DpRwfc.JL3JiH7OENwRmWIn_xpoS694ddWWKeaVZ4OBnFnkxg0%26dib_tag%3Dse%26qid%3D1732716796%26rnid%3D172282%26s%3Dcomputers-intl-ship%26sr%3D1-33-spons%26sp_csd%3Dd2lkZ2V0TmFtZT1zcF9idGZfYnJvd3Nl%26psc%3D1","https://m.media-amazon.com/images/I/71yRuOrFrdL._AC_UL320_.jpg","2024 Newest Laptop,17.3-Inch FHD Display Laptop with Quad Core-12th Alder Lake N97(Up to 3.6GHz), 16GB RAM 512GB ROM Traditional Laptop Computer, 6000Mah Battery,Silver","399.","5.0 out of 5 stars"
